"file_x,file_y,Decision"
"img20.jpg,img21.jpg,Yes"
"img16.jpg,img17.jpg,Yes"
"img3.jpg,img12.jpg,Yes"
"img22.jpg,img23.jpg,Yes"
"img24.jpg,img25.jpg,Yes"
"img1.jpg,img2.jpg,Yes"
"img1.jpg,img4.jpg,Yes"
"img1.jpg,img5.jpg,Yes"
"img1.jpg,img6.jpg,Yes"
"img1.jpg,img7.jpg,Yes"
"img1.jpg,img10.jpg,Yes"
"img1.jpg,img11.jpg,Yes"
"img2.jpg,img4.jpg,Yes"
"img2.jpg,img5.jpg,Yes"
"img2.jpg,img6.jpg,Yes"
"img2.jpg,img7.jpg,Yes"
"img2.jpg,img10.jpg,Yes"
"img2.jpg,img11.jpg,Yes"
"img4.jpg,img5.jpg,Yes"
"img4.jpg,img6.jpg,Yes"
"img4.jpg,img7.jpg,Yes"
"img4.jpg,img10.jpg,Yes"
"img4.jpg,img11.jpg,Yes"
"img5.jpg,img6.jpg,Yes"
"img5.jpg,img7.jpg,Yes"
"img5.jpg,img10.jpg,Yes"
"img5.jpg,img11.jpg,Yes"
"img6.jpg,img7.jpg,Yes"
"img6.jpg,img10.jpg,Yes"
"img6.jpg,img11.jpg,Yes"
"img7.jpg,img10.jpg,Yes"
"img7.jpg,img11.jpg,Yes"
"img10.jpg,img11.jpg,Yes"
"img13.jpg,img14.jpg,Yes"
"img13.jpg,img15.jpg,Yes"
"img14.jpg,img15.jpg,Yes"
"img18.jpg,img19.jpg,Yes"
"img8.jpg,img9.jpg,Yes"
"img68.webp,img69.jpg,Yes"
"img70.webp,img71.webp,Yes"
"img72.webp,img71.webp,Yes"
"img70.webp,img72.webp,Yes"
"img73.webp,img74.png,Yes"
"img79.webp,img78.jpg,Yes"
"img80.webp,img75.jpg,Yes"
"img81.webp,img76.jpg,Yes"
"img82.jpg,img83.jpg,Yes"
"img84.webp,img85.webp,Yes"
"img84.webp,img86.jpg,Yes"
"img85.webp,img86.jpg,Yes"
"img87.png,img88.webp,Yes"
"img89.webp,img90.jpg,Yes"
"img89.webp,img118.jpg,Yes"
"img90.jpg,img118.jpg,Yes"
"img92.webp,img91.jpg,Yes"
"img93.jpg,img94.jpg,Yes"
"img95.jpg,img96.jpg,Yes"
"img95.jpg,img97.jpg,Yes"
"img96.jpg,img97.jpg,Yes"
"img98.jpg,img99.jpg,Yes"
"img98.jpg,img100.webp,Yes"
"img99.jpg,img100.webp,Yes"
"img101.jpg,img102.webp,Yes"
"img104.jpg,img105.webp,Yes"
"img105.webp,img106.webp,Yes"
"img104.jpg,img106.webp,Yes"
"img108.jpg,img107.webp,Yes"
"img110.jpg,img109.webp,Yes"
"img111.jpg,img113.jpg,Yes"
"img111.jpg,img114.jpg,Yes"
"img111.jpg,img112.webp,Yes"
"img113.jpg,img112.webp,Yes"
"img113.jpg,img114.jpg,Yes"
"img115.jpg,img116.jpg,Yes"
"img2.jpg,img108.jpg,No"
"img2.jpg,img107.webp,No"
"img71.webp,img83.jpg,No"
"img20.jpg,img16.jpg,No"
"img20.jpg,img17.jpg,No"
"img21.jpg,img16.jpg,No"
"img21.jpg,img17.jpg,No"
"img20.jpg,img3.jpg,No"
"img20.jpg,img12.jpg,No"
"img21.jpg,img3.jpg,No"
"img21.jpg,img12.jpg,No"
"img20.jpg,img22.jpg,No"
"img20.jpg,img23.jpg,No"
"img21.jpg,img22.jpg,No"
"img21.jpg,img23.jpg,No"
"img20.jpg,img24.jpg,No"
"img20.jpg,img25.jpg,No"
"img21.jpg,img24.jpg,No"
"img21.jpg,img25.jpg,No"
"img20.jpg,img1.jpg,No"
"img20.jpg,img2.jpg,No"
"img20.jpg,img4.jpg,No"
"img20.jpg,img5.jpg,No"
"img20.jpg,img6.jpg,No"
"img20.jpg,img7.jpg,No"
"img20.jpg,img10.jpg,No"
"img20.jpg,img11.jpg,No"
"img21.jpg,img1.jpg,No"
"img21.jpg,img2.jpg,No"
"img21.jpg,img4.jpg,No"
"img21.jpg,img5.jpg,No"
"img21.jpg,img6.jpg,No"
"img21.jpg,img7.jpg,No"
"img21.jpg,img10.jpg,No"
"img21.jpg,img11.jpg,No"
"img20.jpg,img13.jpg,No"
"img20.jpg,img14.jpg,No"
"img20.jpg,img15.jpg,No"
"img21.jpg,img13.jpg,No"
"img21.jpg,img14.jpg,No"
"img21.jpg,img15.jpg,No"
"img20.jpg,img18.jpg,No"
"img20.jpg,img19.jpg,No"
"img21.jpg,img18.jpg,No"
"img21.jpg,img19.jpg,No"
"img20.jpg,img8.jpg,No"
"img20.jpg,img9.jpg,No"
"img21.jpg,img8.jpg,No"
"img21.jpg,img9.jpg,No"
"img16.jpg,img3.jpg,No"
"img16.jpg,img12.jpg,No"
"img17.jpg,img3.jpg,No"
"img17.jpg,img12.jpg,No"
"img16.jpg,img22.jpg,No"
"img16.jpg,img23.jpg,No"
"img17.jpg,img22.jpg,No"
"img17.jpg,img23.jpg,No"
"img16.jpg,img24.jpg,No"
"img16.jpg,img25.jpg,No"
"img17.jpg,img24.jpg,No"
"img17.jpg,img25.jpg,No"
"img16.jpg,img1.jpg,No"
"img16.jpg,img2.jpg,No"
"img16.jpg,img4.jpg,No"
"img16.jpg,img5.jpg,No"
"img16.jpg,img6.jpg,No"
"img16.jpg,img7.jpg,No"
"img16.jpg,img10.jpg,No"
"img16.jpg,img11.jpg,No"
"img17.jpg,img1.jpg,No"
"img17.jpg,img2.jpg,No"
"img17.jpg,img4.jpg,No"
"img17.jpg,img5.jpg,No"
"img17.jpg,img6.jpg,No"
"img17.jpg,img7.jpg,No"
"img17.jpg,img10.jpg,No"
"img17.jpg,img11.jpg,No"
"img16.jpg,img13.jpg,No"
"img16.jpg,img14.jpg,No"
"img16.jpg,img15.jpg,No"
"img17.jpg,img13.jpg,No"
"img17.jpg,img14.jpg,No"
"img17.jpg,img15.jpg,No"
"img16.jpg,img18.jpg,No"
"img16.jpg,img19.jpg,No"
"img17.jpg,img18.jpg,No"
"img17.jpg,img19.jpg,No"
"img16.jpg,img8.jpg,No"
"img16.jpg,img9.jpg,No"
"img17.jpg,img8.jpg,No"
"img17.jpg,img9.jpg,No"
"img3.jpg,img22.jpg,No"
"img3.jpg,img23.jpg,No"
"img12.jpg,img22.jpg,No"
"img12.jpg,img23.jpg,No"
"img3.jpg,img24.jpg,No"
"img3.jpg,img25.jpg,No"
"img12.jpg,img24.jpg,No"
"img12.jpg,img25.jpg,No"
"img3.jpg,img1.jpg,No"
"img3.jpg,img2.jpg,No"
"img3.jpg,img4.jpg,No"
"img3.jpg,img5.jpg,No"
"img3.jpg,img6.jpg,No"
"img3.jpg,img7.jpg,No"
"img3.jpg,img10.jpg,No"
"img3.jpg,img11.jpg,No"
"img12.jpg,img1.jpg,No"
"img12.jpg,img2.jpg,No"
"img12.jpg,img4.jpg,No"
"img12.jpg,img5.jpg,No"
"img12.jpg,img6.jpg,No"
"img12.jpg,img7.jpg,No"
"img12.jpg,img10.jpg,No"
"img12.jpg,img11.jpg,No"
"img3.jpg,img13.jpg,No"
"img3.jpg,img14.jpg,No"
"img3.jpg,img15.jpg,No"
"img12.jpg,img13.jpg,No"
"img12.jpg,img14.jpg,No"
"img12.jpg,img15.jpg,No"
"img3.jpg,img18.jpg,No"
"img3.jpg,img19.jpg,No"
"img12.jpg,img18.jpg,No"
"img12.jpg,img19.jpg,No"
"img3.jpg,img8.jpg,No"
"img3.jpg,img9.jpg,No"
"img12.jpg,img8.jpg,No"
"img12.jpg,img9.jpg,No"
"img22.jpg,img24.jpg,No"
"img22.jpg,img25.jpg,No"
"img23.jpg,img24.jpg,No"
"img23.jpg,img25.jpg,No"
"img22.jpg,img1.jpg,No"
"img22.jpg,img2.jpg,No"
"img22.jpg,img4.jpg,No"
"img22.jpg,img5.jpg,No"
"img22.jpg,img6.jpg,No"
"img22.jpg,img7.jpg,No"
"img22.jpg,img10.jpg,No"
"img22.jpg,img11.jpg,No"
"img23.jpg,img1.jpg,No"
"img23.jpg,img2.jpg,No"
"img23.jpg,img4.jpg,No"
"img23.jpg,img5.jpg,No"
"img23.jpg,img6.jpg,No"
"img23.jpg,img7.jpg,No"
"img23.jpg,img10.jpg,No"
"img23.jpg,img11.jpg,No"
"img22.jpg,img13.jpg,No"
"img22.jpg,img14.jpg,No"
"img22.jpg,img15.jpg,No"
"img23.jpg,img13.jpg,No"
"img23.jpg,img14.jpg,No"
"img23.jpg,img15.jpg,No"
"img22.jpg,img18.jpg,No"
"img22.jpg,img19.jpg,No"
"img23.jpg,img18.jpg,No"
"img23.jpg,img19.jpg,No"
"img22.jpg,img8.jpg,No"
"img22.jpg,img9.jpg,No"
"img23.jpg,img8.jpg,No"
"img23.jpg,img9.jpg,No"
"img24.jpg,img1.jpg,No"
"img24.jpg,img2.jpg,No"
"img24.jpg,img4.jpg,No"
"img24.jpg,img5.jpg,No"
"img24.jpg,img6.jpg,No"
"img24.jpg,img7.jpg,No"
"img24.jpg,img10.jpg,No"
"img24.jpg,img11.jpg,No"
"img25.jpg,img1.jpg,No"
"img25.jpg,img2.jpg,No"
"img25.jpg,img4.jpg,No"
"img25.jpg,img5.jpg,No"
"img25.jpg,img6.jpg,No"
"img25.jpg,img7.jpg,No"
"img25.jpg,img10.jpg,No"
"img25.jpg,img11.jpg,No"
"img24.jpg,img13.jpg,No"
"img24.jpg,img14.jpg,No"
"img24.jpg,img15.jpg,No"
"img25.jpg,img13.jpg,No"
"img25.jpg,img14.jpg,No"
"img25.jpg,img15.jpg,No"
"img24.jpg,img18.jpg,No"
"img24.jpg,img19.jpg,No"
"img25.jpg,img18.jpg,No"
"img25.jpg,img19.jpg,No"
"img24.jpg,img8.jpg,No"
"img24.jpg,img9.jpg,No"
"img25.jpg,img8.jpg,No"
"img25.jpg,img9.jpg,No"
"img1.jpg,img13.jpg,No"
"img1.jpg,img14.jpg,No"
"img1.jpg,img15.jpg,No"
"img2.jpg,img13.jpg,No"
"img2.jpg,img14.jpg,No"
"img2.jpg,img15.jpg,No"
"img4.jpg,img13.jpg,No"
"img4.jpg,img14.jpg,No"
"img4.jpg,img15.jpg,No"
"img5.jpg,img13.jpg,No"
"img5.jpg,img14.jpg,No"
"img5.jpg,img15.jpg,No"
"img6.jpg,img13.jpg,No"
"img6.jpg,img14.jpg,No"
"img6.jpg,img15.jpg,No"
"img7.jpg,img13.jpg,No"
"img7.jpg,img14.jpg,No"
"img7.jpg,img15.jpg,No"
"img10.jpg,img13.jpg,No"
"img10.jpg,img14.jpg,No"
"img10.jpg,img15.jpg,No"
"img11.jpg,img13.jpg,No"
"img11.jpg,img14.jpg,No"
"img11.jpg,img15.jpg,No"
"img1.jpg,img18.jpg,No"
"img1.jpg,img19.jpg,No"
"img2.jpg,img18.jpg,No"
"img2.jpg,img19.jpg,No"
"img4.jpg,img18.jpg,No"
"img4.jpg,img19.jpg,No"
"img5.jpg,img18.jpg,No"
"img5.jpg,img19.jpg,No"
"img6.jpg,img18.jpg,No"
"img6.jpg,img19.jpg,No"
"img7.jpg,img18.jpg,No"
"img7.jpg,img19.jpg,No"
"img10.jpg,img18.jpg,No"
"img10.jpg,img19.jpg,No"
"img11.jpg,img18.jpg,No"
"img11.jpg,img19.jpg,No"
"img1.jpg,img8.jpg,No"
"img1.jpg,img9.jpg,No"
"img2.jpg,img8.jpg,No"
"img2.jpg,img9.jpg,No"
"img4.jpg,img8.jpg,No"
"img4.jpg,img9.jpg,No"
"img5.jpg,img8.jpg,No"
"img5.jpg,img9.jpg,No"
"img6.jpg,img8.jpg,No"
"img6.jpg,img9.jpg,No"
"img7.jpg,img8.jpg,No"
"img7.jpg,img9.jpg,No"
"img10.jpg,img8.jpg,No"
"img10.jpg,img9.jpg,No"
"img11.jpg,img8.jpg,No"
"img11.jpg,img9.jpg,No"
"img13.jpg,img18.jpg,No"
"img13.jpg,img19.jpg,No"
"img14.jpg,img18.jpg,No"
"img14.jpg,img19.jpg,No"
"img15.jpg,img18.jpg,No"
"img15.jpg,img19.jpg,No"
"img13.jpg,img8.jpg,No"
"img13.jpg,img9.jpg,No"
"img14.jpg,img8.jpg,No"
"img14.jpg,img9.jpg,No"
"img15.jpg,img8.jpg,No"
"img15.jpg,img9.jpg,No"
"img18.jpg,img8.jpg,No"
"img18.jpg,img9.jpg,No"
"img19.jpg,img8.jpg,No"
"img19.jpg,img9.jpg,No"
